method,n_gt,n_pred,fid,e2e,t
list,27,19,0.263,0.154,0.49
client_class,87,20,0.6,0.526,0.47
errors_module,10,300,0.5,0.526,3.57
waiters_module,20,300,0.35,0.462,3.61
authorizer_class,11,300,0.273,0.571,3.62
plugin_class,26,300,0.154,0.0,3.61
options,5,4,0.5,0.8,0.34
block_comment,36,300,0.25,0.316,3.57
escape_html,10,6,0.333,0.444,0.33
default,13,8,0.625,1.0,0.32
endpoint_parameter_value,71,300,0.211,0.242,3.57
context_param_value,56,300,0.179,0.291,3.6
error_struct?,24,300,0.458,0.458,3.63
format,10,300,0.2,0.471,3.64
output_event_entries,64,300,0.312,0.167,3.7
input_eventstream_shape,41,300,0.463,0.4,3.63
features_step_definitions_file,8,300,0.375,0.571,3.65
hash,29,300,0.414,0.357,3.65
inline_hash?,17,300,0.059,0.129,3.63
lstrip_prefix,13,6,0.5,0.444,0.38
operation_bidirectional_eventstreaming?,15,7,0.143,0.333,0.32
eventstream_input?,46,300,0.217,0.271,3.59
each,7,6,0.333,0.2,0.37
compute_plugins,48,300,0.479,0.232,3.58
complex?,27,300,0.185,0.308,3.68
ddb_av?,25,300,0.36,0.275,3.65
map,28,300,0.179,0.218,3.68
more_indent,6,6,0.5,0.6,0.37
has_associations,68,300,0.265,0.35,3.64
documentation,66,300,0.364,0.268,3.69
has_associations,25,300,0.2,0.245,3.66
dangerous?,38,6,0.167,0.2,0.38
initialize,21,17,0.706,0.312,0.43
build,16,300,0.438,0.333,3.61
option_tags,55,300,0.2,0.259,3.64
input_shape,6,9,0.5,0.545,0.41
relative_identifier_path,67,300,0.209,0.355,3.58
loop_context,26,12,0.167,0.333,0.44
assignment,10,9,0.222,0.375,0.36
nullable?,7,9,0.143,0.308,0.34
null_checks,14,6,0.333,0.0,0.32
initialize,24,300,0.542,0.391,3.55
paginated_request,28,300,0.357,0.074,3.67
param_request_parameter,34,300,0.176,0.103,3.64
wait_call,39,300,0.256,0.234,3.67
endpoint_discovery_required?,20,10,0.5,0.333,0.43
entry,53,300,0.245,0.214,3.59
format,35,300,0.429,0.149,3.69
async_format,11,6,0.5,0.8,0.37
struct,70,300,0.129,0.282,3.6
underscore,38,300,0.5,0.267,3.66
block_comment,10,300,0.5,0.333,3.66
initialize,27,13,0.385,0.32,0.45
plugin_class_names,11,12,0.455,0.381,0.37
initialize,7,7,0.286,0.182,0.32
module_name,4,4,0.75,0.8,0.28
shapes,40,300,0.35,0.253,3.61
endpoint_operation,20,6,0.333,0.0,0.38
non_error_struct?,29,8,0.625,0.462,0.33
error_struct?,24,300,0.458,0.458,3.61
shape_ref_required,10,300,0.1,0.0,3.64
shape_ref_location,15,300,0.533,0.214,3.66
pager,99,300,0.242,0.332,3.65
lines,18,300,0.222,0.27,3.66
module_name,4,4,0.75,0.8,0.34
endpoint_rules_code,52,300,0.346,0.302,3.62
template_hash_values,19,9,0.333,0.125,0.41
initialize,110,300,0.418,0.272,3.59
generated_src_warning,10,300,0.3,0.333,3.68
account_id_endpoint_mode_option,34,300,0.471,0.182,3.69
initialize,12,7,0.714,0.667,0.4
module_name,4,3,0.333,1.0,0.28
query_or_query_compatible_service?,13,300,0.462,0.25,3.6
param_hash,5,7,0.4,0.75,0.38
deep_underscore,32,11,0.364,0.3,0.36
initialize,13,11,0.455,0.4,0.37
summary,11,300,0.182,0.211,3.61
initialize,45,20,0.55,0.316,0.54
service_name,3,3,0.667,1.0,0.29
initialize,11,7,0.714,0.667,0.31
struct_members,74,20,0.4,0.211,0.47
eventstream_class_docs,5,300,0.4,0.25,3.59
initialize,20,10,0.3,0.125,0.42
associations?,6,7,0.333,0.667,0.32
customization_file_exists?,13,300,0.385,0.261,3.59
resource_customization,8,300,0.5,0.533,3.64
actions?,6,7,0.333,0.667,0.38
full_name,4,3,0.333,1.0,0.26
requires,5,6,0.4,0.571,0.3
require_core_guard?,4,5,0.5,0.857,0.29
auto_load,16,6,0.5,0.2,0.3
eventstream_shape?,19,6,0.333,0.0,0.31
initialize,80,300,0.087,0.129,3.62
built_in_to_param,96,300,0.354,0.211,3.67
generated_src_warning,7,7,0.286,0.333,0.39
initialize,19,13,0.692,0.5,0.42
shape,9,10,0.444,0.625,0.35
empty?,3,3,0.667,1.0,0.26
initialize,7,7,0.286,0.182,0.32
data_to_hash,61,300,0.246,0.295,3.62
match_error_code,33,300,0.273,0.387,3.67
assert,80,300,0.188,0.267,3.67
initialize,31,300,0.29,0.339,3.67
parse,117,300,0.342,0.3,3.72
close_change_set,9,9,0.222,0.25,0.41
load_json,7,10,0.143,0.462,0.34
apply_doc_customizations,13,6,0.167,0.222,0.3
write_file,19,15,0.6,0.345,0.41
replace,14,10,0.3,0.444,0.35
load_client_examples,88,20,0.4,0.27,0.47
replace_lines,112,300,0.232,0.224,3.63
initialize,9,9,0.444,0.5,0.41
each,8,5,0.4,0.333,0.29
services,25,13,0.385,0.24,0.38
gem_paths,15,300,0.4,0.333,3.61
gem_lib_paths,15,300,0.4,0.333,3.68
initialize,12,300,0.25,0.435,3.64
wrap_as_enumerator,11,8,0.375,0.429,0.39
decode_message,89,300,0.236,0.323,3.59
payload_tempfile,15,8,0.25,0.429,0.39
format_value,14,13,0.462,0.385,0.39
format_uuid,45,300,0.156,0.234,3.59
format_timestamp,8,300,0.125,0.143,3.68
each,7,5,0.4,0.5,0.35
default_partition_list,13,300,0.385,0.48,3.58
endpoint_for,17,300,0.235,0.125,3.67
endpoint_with_variants_for,28,300,0.25,0.077,3.65
service,29,300,0.414,0.4,3.7
services,4,4,0.75,0.8,0.35
build_regions,33,300,0.424,0.338,3.55
build_services,32,300,0.312,0.281,3.64
build,44,300,0.5,0.395,3.67
partition_region,6,9,0.333,0.6,0.42
cancel_policy_generation,14,8,0.25,0.286,0.33
create_access_preview,14,8,0.25,0.286,0.32
create_analyzer,14,8,0.25,0.286,0.32
list_access_preview_findings,14,8,0.25,0.286,0.33
list_access_previews,14,300,0.143,0.296,3.6
waiter_names,3,3,0.333,1.0,0.33
initialize,47,13,0.308,0.5,0.4
message,7,4,0.5,0.8,0.27
retry_after_seconds,5,4,0.75,0.8,0.28
retryable?,3,4,0.333,0.5,0.27
enable_region,14,300,0.286,0.296,3.56
put_alternate_contact,14,8,0.25,0.286,0.39
build_request,60,20,0.4,0.263,0.47
message,7,6,0.333,0.25,0.31
message,7,6,0.333,0.25,0.27
apply_endpoint_headers,31,300,0.387,0.262,3.56
add_handlers,14,300,0.357,0.148,3.66
get_certificate,14,300,0.143,0.296,3.68
can_create_topic,5,5,0.6,0.75,0.36
profile_hidden?,3,5,0.667,1.0,0.28
can_send_private_message_to_user,5,6,0.4,0.333,0.3
body,62,300,0.548,0.306,3.6
error,9,5,0.6,1.0,0.36
include_email?,9,9,0.222,0.533,0.34
unseen,4,4,0.25,0.4,0.27
unread,3,4,0.667,1.0,0.28
reason,4,4,0.5,0.8,0.27
external_id,6,8,0.333,0.8,0.32
include_acting_user_name?,5,5,0.4,0.75,0.28
created_by_id,4,4,0.5,0.8,0.28
description,20,300,0.35,0.3,3.61
applies_to,4,5,0.5,0.857,0.35
username,5,4,0.5,0.8,0.27
add_compared_field,44,300,0.636,0.322,3.58
current_hidden,5,4,0.5,0.8,0.34
include_edit_reason?,14,6,0.167,0.444,0.3
locale_changes,22,300,0.545,0.667,3.6
revisions,16,300,0.25,0.387,3.66
hidden_tags,7,8,0.429,0.667,0.39
moderator?,8,5,0.4,0.75,0.29
flair_bg_color,6,6,0.333,0.25,0.3
flair_color,6,8,0.333,0.444,0.32
flair_group_id,5,4,0.5,0.8,0.28
link_counts,58,300,0.5,0.31,3.56
user_title,5,4,0.5,0.8,0.34
reply_to_user,23,300,0.435,0.591,3.55
include_deleted_by?,8,8,0.5,0.667,0.39
include_bookmark_auto_delete_preference?,3,4,0.333,0.5,0.28
bookmark_id,4,4,0.5,0.8,0.27
static_doc,3,4,0.667,1.0,0.27
action_code_path,5,4,0.5,0.8,0.27
include_notice?,51,6,0.333,0.4,0.31
include_has_post_localizations?,6,13,0.5,0.667,0.4
include_post_localizations_count?,6,8,0.5,0.6,0.33
include_is_localized?,4,5,0.5,0.857,0.28
include_stream?,3,6,0.333,0.667,0.29
queue,3,4,0.667,1.0,0.27
user_id,4,4,0.5,0.8,0.27
state,6,9,0.333,0.6,0.33
include_description?,4,5,0.5,0.857,0.29
label,10,9,0.444,0.588,0.33
include_created_post_id?,5,5,0.4,0.75,0.29
reviewable_count,5,4,0.5,0.8,0.27
post_updated_at,5,8,0.4,0.75,0.33
watched_word_reason,44,300,0.477,0.25,3.59
watched_words_found,81,20,0.25,0.359,0.54
url_for,33,300,0.182,0.092,3.61
payload_attributes,16,9,0.333,0.375,0.4
attributes,48,300,0.438,0.484,3.57
topic_url,5,8,0.4,0.75,0.39
include_topic_id?,5,5,0.4,0.75,0.28
target_created_by_trust_level,5,6,0.4,0.333,0.29
include_claimed_by?,5,5,0.4,0.75,0.29
link_admin,8,9,0.5,0.857,0.34
links,15,10,0.5,0.667,0.35
can_be_silenced,5,5,0.4,0.75,0.29
include_required_tag_groups?,4,5,0.5,0.857,0.29
user_color_schemes,24,300,0.542,0.391,3.59
groups,48,300,0.333,0.274,3.65
include_user_tips?,4,5,0.5,0.857,0.36
filters,7,6,0.5,0.25,0.29
periods,7,8,0.429,0.667,0.32
anonymous_top_menu_items,7,8,0.429,0.667,0.32
tags_filter_regexp,5,7,0.6,0.75,0.31
wizard_required,3,4,0.667,1.0,0.27
topic_featured_link_allowed_category_ids,4,4,0.5,0.8,0.27
include_shared_drafts_category_id?,7,9,0.286,0.5,0.34
denied_emojis,6,4,0.5,0.8,0.28
include_lazy_load_categories?,4,5,0.5,0.857,0.29
valid_flag_applies_to_types,4,4,0.75,0.8,0.28
used_flag_ids,8,8,0.375,0.286,0.33
id,5,4,0.5,0.8,0.29
new_default,7,6,0.5,0.444,0.3
overridden?,15,300,0.267,0.276,3.56
include_related_messages?,5,7,0.4,0.333,0.37
include_suggested_topics?,5,7,0.4,1.0,0.31
related_messages,19,10,0.2,0.556,0.35
initialize,28,300,0.214,0.286,3.57
include_child_themes?,5,5,0.4,1.0,0.36
setting,4,4,0.5,0.8,0.27
type,4,4,0.5,0.8,0.28
topic_slug,5,4,0.5,0.8,0.27
include_user_id?,5,5,0.4,0.75,0.29
op_like_count,8,8,0.25,0.571,0.32
first_post_id,12,7,0.429,0.2,0.31
category_id,15,5,0.4,0.5,0.31
include_allowed_user_count?,4,5,0.5,1.0,0.3
include_shared_drafts?,5,5,0.4,0.75,0.3
include_categories?,4,5,0.5,1.0,0.28
primary_group_name,15,8,0.375,0.462,0.32
include_moderator?,6,300,0.333,0.727,3.59
trust_level,6,6,0.333,0.25,0.36
include_tags?,5,5,0.4,0.75,0.28
object=,5,4,0.5,0.4,0.27
can_attributes,25,300,0.08,0.082,3.64
include_participants?,5,5,0.4,1.0,0.36
created_by,5,4,0.5,0.8,0.27
include_can_delete?,6,6,0.333,0.25,0.3
allowed_users,19,11,0.182,0.7,0.36
allowed_groups,5,4,0.5,0.8,0.27
include_gaps?,3,5,0.667,1.0,0.28
include_timeline_lookup?,3,5,0.333,1.0,0.28
message_bus_last_id,4,4,0.5,0.8,0.28
include_is_warning?,3,5,0.667,1.0,0.29
include_external_id?,3,5,0.667,1.0,0.29
has_deleted,4,4,0.5,0.8,0.27
include_has_deleted?,5,8,0.4,0.571,0.36
expandable_first_post,3,6,0.333,0.667,0.31
topic_timer,37,6,0.333,0.4,0.31
include_featured_link?,4,5,0.5,0.857,0.28
is_shared_draft,3,5,0.667,1.0,0.29
include_queued_posts_count?,7,8,0.571,0.615,0.32
posts,4,4,0.5,0.8,0.27
include_acting_name?,3,5,0.333,1.0,0.28
include_slug?,5,5,0.4,1.0,0.29
archived,4,5,0.5,1.0,0.28
excerpt,4,4,0.75,0.8,0.27
user,3,4,0.667,1.0,0.28
bookmarkable,4,4,0.5,0.8,0.28
include_more_bookmarks_url?,6,6,0.5,0.0,0.31
include_categories?,4,5,0.5,0.857,0.29
include_email?,20,12,0.167,0.364,0.38
include_suspended_till?,4,5,0.5,0.857,0.28
time_read,5,4,0.5,0.8,0.27
flair_url,5,5,0.4,0.75,0.29
filename,5,8,0.4,0.75,0.32
options,6,8,0.333,0.6,0.32
new_value,16,7,0.429,1.0,0.31
topic_tracking,5,7,0.6,0.75,0.31
group_inboxes,61,300,0.23,0.25,3.62
topic_id,4,4,0.5,0.8,0.34
archetype,4,4,0.5,0.8,0.27
include_associated_accounts?,3,4,0.333,0.5,0.27
can_change_tracking_preferences,5,9,0.4,0.75,0.33
bio_cooked,5,8,0.4,0.571,0.31
allowed_pm_usernames,13,10,0.4,0.556,0.35
post_number,5,4,0.5,0.8,0.27
include_topic_count?,3,4,0.333,0.5,0.27
last_read_post_number,4,4,0.5,0.8,0.27
topic,4,4,0.5,0.8,0.27
custom_fields,40,300,0.15,0.304,3.61
actions,18,6,0.667,0.4,0.39
flag_type,4,4,0.5,0.8,0.27
include_category_slug?,8,5,0.2,0.75,0.29
category_slug,14,8,0.375,0.462,0.32
include_email?,4,5,0.5,1.0,0.28
label,20,11,0.364,0.3,0.36
each,3,4,0.333,0.5,0.26
lock,4,4,0.25,0.8,0.27
lock_app,23,300,0.304,0.091,3.59
unlocked?,3,3,0.667,1.0,0.33
initialize,5,5,0.6,0.5,0.28
multipart_fixture,40,20,0.35,0.316,0.46
setup,7,7,0.286,0.545,0.4
filesystem_has_posix_semantics?,4,4,0.5,0.8,0.27
setup,9,8,0.625,0.571,0.32
sendfile_app,15,300,0.267,0.286,3.61
each,5,4,0.75,0.8,0.38
call,11,300,0.273,0.3,3.56
initialize,25,300,0.44,0.314,3.62
subscribe_to_channel,12,12,0.25,0.455,0.45
delegate_connection_identifiers,15,10,0.3,0.4,0.34
transmit_subscription_confirmation,45,20,0.7,0.474,0.46
reject_subscription,8,8,0.375,0.429,0.35
broadcasting_for,7,6,0.167,0.0,0.3
before_unsubscribe,11,8,0.25,0.429,0.32
channel_name,5,4,0.5,0.8,0.27
active_periodic_timers,5,3,0.667,1.0,0.26
worker_pool_stream_handler,29,300,0.276,0.281,3.58
identity_handler,7,4,0.25,0.8,0.35
stop_all_streams,4,5,0.25,0.333,0.28
streams,5,3,0.667,1.0,0.26
initialize,39,300,0.513,0.368,3.57
connection_identifier,15,300,0.4,0.414,3.78
unsubscribe,6,8,0.167,0.222,0.39
assert_has_stream,13,8,0.375,0.154,0.33
check_subscribed!,10,7,0.429,0.667,0.31
process,13,300,0.385,0.4,3.55
send_async,10,6,0.333,0.0,0.37
on_error,9,8,0.25,0.462,0.32
handle_open,40,20,0.65,0.316,0.46
new_tagged_logger,26,300,0.462,0.24,3.59
started_request_message,19,6,0.333,0.444,0.38
start_driver,26,300,0.269,0.122,3.57
rack_response,8,7,0.143,0.364,0.38
write,12,8,0.125,0.0,0.33
close,45,300,0.4,0.227,3.59
begin_close,21,13,0.385,0.25,0.48
each,6,4,0.75,0.4,0.27
close,6,8,0.167,0.222,0.32
initialize,17,12,0.583,0.455,0.37
timer,16,300,0.438,0.323,3.59
writes_pending,18,300,0.333,0.229,3.62
remove,15,12,0.25,0.182,0.44
deprecator,8,300,0.125,0.533,3.57
initialize,5,3,0.667,0.5,0.34
valid_identifiers?,15,6,0.167,0.0,0.3
connection_identifiers,6,10,0.5,0.6,0.34
broadcast,15,300,0.467,0.357,3.58
initialize,14,5,0.8,0.25,0.36
stopping?,4,5,0.5,0.857,0.29
with_database_connections,11,10,0.4,0.333,0.35
subscribe,8,300,0.5,0.286,3.55
shutdown,4,4,0.75,0.8,0.35
subscribe,11,8,0.375,0.0,0.32
unsubscribe,8,6,0.167,0.222,0.3
subscriber_map,12,9,0.222,0.5,0.34
channel_identifier,14,6,0.333,0.2,0.31
listener,16,300,0.5,0.452,3.61
subscribe,11,10,0.3,0.333,0.43
initialize,5,3,0.667,0.5,0.27
subscribe,7,6,0.167,0.0,0.3
unsubscribe,7,4,0.25,0.4,0.28
broadcast,10,8,0.5,0.286,0.33
channels_data,5,3,0.667,1.0,0.27
new_broadcasts_from,33,300,0.303,0.188,3.58
kick,5,4,0.25,0.8,0.35
leave,5,4,0.25,0.8,0.27
get_latest,7,6,0.333,0.25,0.3
send_confirmation,3,4,0.667,1.0,0.28
test_set_channel_class_manual,7,300,0.429,0.667,3.6
test_set_channel_class_manual_using_string,7,9,0.429,0.333,0.41
subscribed,11,300,0.364,0.4,3.57
test_not_stream_with_params,18,10,0.3,0.353,0.43
echo,9,8,0.25,0.286,0.32
setup,13,8,0.25,0.571,0.32
broadcast_to_user,16,300,0.25,0.333,3.6
close,17,10,0.3,0.154,0.42
test_server_restart,49,300,0.469,0.429,3.6
connect,3,6,0.667,0.667,0.38
send_async,8,4,0.5,0.4,0.27
call,5,5,0.2,0.25,0.28
open_connection,25,300,0.48,0.375,3.59
set_current_context,14,8,0.25,0.429,0.4
on_error,6,6,0.167,0.0,0.29
send_async,8,4,0.5,0.4,0.27
initialize,7,3,0.667,0.5,0.26
test_connected,7,6,0.333,0.444,0.3
test_disconnect,17,300,0.235,0.303,3.59
test_connected_with_signed_cookies_and_headers,24,300,0.333,0.222,3.66
user,3,3,0.333,1.0,0.34
close,2,4,0.5,1.0,0.27
initialize,5,3,0.667,0.5,0.26
test_identical_subscriptions,26,300,0.346,0.196,3.6
test_simultaneous_subscriptions,29,300,0.517,0.414,3.67
teardown,8,8,0.25,0.571,0.39
cable_config,6,5,0.4,1.0,0.28
test_default_subscription_connection_identifier,21,300,0.238,0.372,3.6
cable_config,18,21,0.444,0.353,0.57
cable_config,8,7,0.286,0.545,0.3
connection_id,3,4,0.667,1.0,0.27
setup,39,20,0.5,0.632,0.47
cable_config,6,4,0.5,0.8,0.3
test_assert_broadcasts_with_no_block,32,300,0.125,0.258,3.6
authenticate_by_password,19,11,0.545,0.7,0.43
key,12,300,0.417,0.455,3.6
signed?,7,10,0.571,0.5,0.43
recent?,9,300,0.444,0.5,3.58
events,7,10,0.429,0.545,0.42
given_signature,6,6,0.333,0.444,0.3
expected_signature,13,300,0.385,0.5,3.58
require_valid_rfc822_message,9,11,0.222,0.4,0.47
index,10,300,0.2,0.526,3.57
ensure_development_env,8,6,0.5,0.667,0.38
source,6,9,0.333,0.727,0.34
incinerate_later,6,6,0.5,0.25,0.3
run,8,9,0.5,0.714,0.34
due?,9,300,0.444,0.625,3.55
processed?,4,4,0.75,0.8,0.34
generate_missing_message_id,27,300,0.481,0.346,3.56
after_processing,11,9,0.333,0.471,0.41
x_original_to_addresses,15,300,0.4,0.5,3.61
from_source,11,300,0.364,0.476,3.68
client,38,300,0.421,0.459,3.65
add_route,13,10,0.4,0.444,0.43
match?,40,300,0.475,0.228,3.56
receive_inbound_email_from_source,9,8,0.125,0.429,0.4
version,4,4,0.5,0.8,0.28
process,2,4,0.5,1.0,0.27
process,5,8,0.2,0.75,0.32
process,4,7,0.75,0.333,1.47
unregister_observer,7,7,0.286,0.182,0.34
unregister_interceptor,7,8,0.143,0.333,0.33
observer_class_for,13,5,0.4,0.5,0.29
header,3,4,0.667,1.0,0.27
[]=,5,7,0.4,0.5,0.31
_raise_error,7,4,0.75,0.8,0.28
apply_defaults,28,14,0.286,0.37,0.39
collect_responses_from_text,17,300,0.471,0.438,3.58
_protected_ivars,3,4,0.333,1.0,0.34
around_deliver,11,10,0.2,0.0,0.34
add_delivery_method,34,300,0.441,0.328,3.58
wrap_delivery_behavior,57,20,0.3,0.211,0.55
initialize,5,3,0.667,0.5,0.29
format_paragraph,59,300,0.508,0.41,3.62
initialize,19,9,0.556,0.0,0.41
enqueue_delivery,34,300,0.676,0.273,3.59
with,9,300,0.111,0.353,3.65
method_missing,19,11,0.364,0.286,0.43
processed_mailer,19,300,0.684,0.457,3.58
interceptor_class_for,13,13,0.308,0.24,0.45
initialize,6,3,0.667,0.5,0.26
preview_name,6,10,0.5,0.6,0.34
handle_exception,8,6,0.167,0.222,0.3
read_fixture,17,300,0.176,0.0,3.59
restore_delivery_method,11,14,0.273,0.4,0.46
authorized?,7,5,0.6,0.75,0.29
default,14,8,0.25,0.308,0.33
compute_amount,5,4,0.25,0.4,0.27
manual?,4,5,0.5,0.857,0.28
manual_sort_order?,5,4,0.25,0.4,0.27
slug,3,4,0.667,1.0,0.27
set_permalink,5,4,0.5,0.8,0.27
set_pretty_name,5,4,0.5,0.8,0.27
name_with_fallback,9,8,0.5,0.714,0.32
pretty_name_with_fallback,9,8,0.5,0.714,0.32
generate_pretty_name,11,8,0.375,0.714,0.33
parent,4,4,0.5,0.8,0.27
generate_slug,28,15,0.4,0.381,0.4
regenerate_pretty_name_and_permalink_as_child,25,300,0.24,0.275,3.6
cached_self_and_descendants_ids,15,12,0.167,0.182,0.46
styles,42,300,0.214,0.2,3.6
default_style,3,4,0.667,1.0,0.34
apply,47,300,0.234,0.245,3.59
set_root_taxon_name,22,9,0.111,0.353,0.41
description,6,4,0.5,0.8,0.27
duplicate,7,8,0.429,0.667,0.31
create_layout_sections,24,300,0.458,0.348,3.57
available_page_sections,29,300,0.172,0.414,3.67
human_name,19,300,0.684,0.333,3.65
descriptive_name,12,11,0.455,0.3,0.44
additional_images,19,300,0.211,0.359,3.64
price_modifier_amount_in,35,300,0.171,0.145,3.71
name_and_sku,8,9,0.125,0.143,0.41
sku_and_options_text,9,300,0.444,0.375,3.57
backorderable?,14,300,0.357,0.308,3.64
with_digital_assets?,4,6,0.5,0.4,0.37
create_stock_items,15,8,0.375,0.571,0.32
total,17,300,0.353,0.258,3.59
include?,30,15,0.333,0.286,0.47
country_ids,8,6,0.167,0.444,0.3
format_date,16,15,0.2,0.214,0.41
option_value,14,9,0.222,0.25,0.34
to_s,14,300,0.286,0.24,3.59
initialize,9,4,0.75,0.4,0.35
grouped_options,6,6,0.333,0.25,0.3
values_hash,25,300,0.36,0.4,3.57
to_param,10,9,0.444,0.625,0.41
call,10,8,0.25,0.571,0.32
call,47,20,0.35,0.595,0.47
in_stock?,7,5,0.2,0.25,0.32
in_stock_variant_ids,16,12,0.417,0.545,0.38
find_in_stock_variant_data,5,5,0.4,0.75,0.28
option_values_options,45,300,0.356,0.159,3.6
present_options,26,13,0.231,0.24,0.45
call,17,11,0.273,0.4,0.36
replace_country_iso_with_id,27,300,0.444,0.353,3.58
clear_addresses,23,300,0.435,0.273,3.64
call,52,300,0.308,0.198,3.65
